Date,Price,,,,,,,,,,,,,,,,
2-Jan-19,46.31,,,,,,,,,,,,,,,,
3-Jan-19,46.92,,,,,,,,,,,,,,,,
4-Jan-19,47.76,,,,,,,,,,,,,,,,
7-Jan-19,48.27,,,,,,,,,,,,,,,,
8-Jan-19,49.58,,,,,,,,,,,,,,,,
9-Jan-19,52.19,,,,,,,,,,,,,,,,
10-Jan-19,52.42,,,,,,,,,,,,,,,,
11-Jan-19,51.44,,,,,,,,,,,,,,,,
14-Jan-19,50.31,,,,,,,,,,,,,,,,
15-Jan-19,51.8,,,,,,,,,,,,,,,,
16-Jan-19,52.08,,,,,,,,,,,,,,,,
17-Jan-19,51.83,,,,,,,,,,,,,,,,
18-Jan-19,53.6,,,,,,,,,,,,,,,,
22-Jan-19,52.59,,,,,,,,,,,,,,,,
23-Jan-19,52.44,,,,,,,,,,,,,,,,
24-Jan-19,52.94,,,,,,,,,,,,,,,,
25-Jan-19,53.53,,,,,,,,,,,,,,,,
28-Jan-19,51.79,,,,,,,,,,,,,,,,
29-Jan-19,53.07,,,,,,,,,,,,,,,,
30-Jan-19,54.18,,,,,,,,,,,,,,,,
31-Jan-19,53.84,,,,,,,,,,,,,,,,
1-Feb-19,55.29,,,,,,,,,,,,,,,,
4-Feb-19,54.57,,,,,,,,,,,,,,,,
5-Feb-19,53.69,,,,,,,,,,,,,,,,
6-Feb-19,53.94,,,,,,,,,,,,,,,,
7-Feb-19,52.68,,,,,,,,,,,,,,,,
8-Feb-19,52.75,,,,,,,,,,,,,,,,
11-Feb-19,52.43,,,,,,,,,,,,,,,,
12-Feb-19,53.14,,,,,,,,,,,,,,,,
13-Feb-19,53.84,,,,,,,,,,,,,,,,
14-Feb-19,54.4,,,,,,,,,,,,,,,,
15-Feb-19,55.58,,,,,,,,,,,,,,,,
19-Feb-19,56.12,,,,,,,,,,,,,,,,
20-Feb-19,56.9,,,,,,,,,,,,,,,,
21-Feb-19,56.95,,,,,,,,,,,,,,,,
22-Feb-19,57.01,,,,,,,,,,,,,,,,
25-Feb-19,55.32,,,,,,,,,,,,,,,,
26-Feb-19,55.4,,,,,,,,,,,,,,,,
27-Feb-19,56.92,,,,,,,,,,,,,,,,
28-Feb-19,57.21,,,,,,,,,,,,,,,,
1-Mar-19,55.76,,,,,,,,,,,,,,,,
4-Mar-19,56.6,,,,,,,,,,,,,,,,
5-Mar-19,56.55,,,,,,,,,,,,,,,,
6-Mar-19,56.22,,,,,,,,,,,,,,,,
7-Mar-19,56.6,,,,,,,,,,,,,,,,
8-Mar-19,55.77,,,,,,,,,,,,,,,,
11-Mar-19,56.79,,,,,,,,,,,,,,,,
12-Mar-19,56.89,,,,,,,,,,,,,,,,
13-Mar-19,58.27,,,,,,,,,,,,,,,,
14-Mar-19,58.59,,,,,,,,,,,,,,,,
15-Mar-19,58.51,,,,,,,,,,,,,,,,
18-Mar-19,59.09,,,,,,,,,,,,,,,,
19-Mar-19,59.12,,,,,,,,,,,,,,,,
20-Mar-19,60.12,,,,,,,,,,,,,,,,
21-Mar-19,59.98,,,,,,,,,,,,,,,,
22-Mar-19,58.87,,,,,,,,,,,,,,,,
25-Mar-19,58.71,,,,,,,,,,,,,,,,
26-Mar-19,59.87,,,,,,,,,,,,,,,,
27-Mar-19,59.39,,,,,,,,,,,,,,,,
28-Mar-19,59.29,,,,,,,,,,,,,,,,
29-Mar-19,60.19,,,,,,,,,,,,,,,,
1-Apr-19,61.59,,,,,,,,,,,,,,,,
2-Apr-19,62.53,,,,,,,,,,,,,,,,
3-Apr-19,62.46,,,,,,,,,,,,,,,,
4-Apr-19,62.12,,,,,,,,,,,,,,,,
5-Apr-19,63.1,,,,,,,,,,,,,,,,
8-Apr-19,64.37,,,,,,,,,,,,,,,,
9-Apr-19,64.05,,,,,,,,,,,,,,,,
10-Apr-19,64.62,,,,,,,,,,,,,,,,
11-Apr-19,63.61,,,,,,,,,,,,,,,,
12-Apr-19,63.86,,,,,,,,,,,,,,,,
15-Apr-19,63.43,,,,,,,,,,,,,,,,
16-Apr-19,64.01,,,,,,,,,,,,,,,,
17-Apr-19,63.74,,,,,,,,,,,,,,,,
18-Apr-19,64.02,,,,,,,,,,,,,,,,
22-Apr-19,65.66,,,,,,,,,,,,,,,,
23-Apr-19,66.24,,,,,,,,,,,,,,,,
24-Apr-19,65.96,,,,,,,,,,,,,,,,
25-Apr-19,65.23,,,,,,,,,,,,,,,,
26-Apr-19,63.29,,,,,,,,,,,,,,,,
29-Apr-19,63.39,,,,,,,,,,,,,,,,
30-Apr-19,63.83,,,,,,,,,,,,,,,,
1-May-19,63.55,,,,,,,,,,,,,,,,
2-May-19,61.75,,,,,,,,,,,,,,,,
3-May-19,61.98,,,,,,,,,,,,,,,,
6-May-19,62.3,,,,,,,,,,,,,,,,
7-May-19,61.41,,,,,,,,,,,,,,,,
8-May-19,62.13,,,,,,,,,,,,,,,,
9-May-19,61.58,,,,,,,,,,,,,,,,
10-May-19,61.65,,,,,,,,,,,,,,,,
13-May-19,60.97,,,,,,,,,,,,,,,,
14-May-19,61.82,,,,,,,,,,,,,,,,
15-May-19,62.03,,,,,,,,,,,,,,,,
16-May-19,62.93,,,,,,,,,,,,,,,,
17-May-19,62.77,,,,,,,,,,,,,,,,
20-May-19,63.12,,,,,,,,,,,,,,,,
21-May-19,63.02,,,,,,,,,,,,,,,,
22-May-19,61.42,,,,,,,,,,,,,,,,
23-May-19,57.65,,,,,,,,,,,,,,,,
24-May-19,58.4,,,,,,,,,,,,,,,,
28-May-19,58.91,,,,,,,,,,,,,,,,
29-May-19,58.84,,,,,,,,,,,,,,,,
30-May-19,56.47,,,,,,,,,,,,,,,,
31-May-19,53.49,,,,,,,,,,,,,,,,
3-Jun-19,53.25,,,,,,,,,,,,,,,,
4-Jun-19,53.5,,,,,,,,,,,,,,,,
5-Jun-19,51.57,,,,,,,,,,,,,,,,
6-Jun-19,52.59,,,,,,,,,,,,,,,,
7-Jun-19,53.95,,,,,,,,,,,,,,,,
10-Jun-19,53.33,,,,,,,,,,,,,,,,
11-Jun-19,53.3,,,,,,,,,,,,,,,,
12-Jun-19,51.13,,,,,,,,,,,,,,,,
13-Jun-19,52.38,,,,,,,,,,,,,,,,
14-Jun-19,52.47,,,,,,,,,,,,,,,,
17-Jun-19,51.94,,,,,,,,,,,,,,,,
18-Jun-19,53.86,,,,,,,,,,,,,,,,
19-Jun-19,53.74,,,,,,,,,,,,,,,,
20-Jun-19,56.88,,,,,,,,,,,,,,,,
21-Jun-19,57.35,,,,,,,,,,,,,,,,
24-Jun-19,57.73,,,,,,,,,,,,,,,,
25-Jun-19,57.63,,,,,,,,,,,,,,,,
26-Jun-19,59.17,,,,,,,,,,,,,,,,
27-Jun-19,59.18,,,,,,,,,,,,,,,,
28-Jun-19,58.2,,,,,,,,,,,,,,,,
1-Jul-19,58.91,,,,,,,,,,,,,,,,
2-Jul-19,56,,,,,,,,,,,,,,,,
3-Jul-19,57.06,,,,,,,,,,,,,,,,
8-Jul-19,57.35,,,,,,,,,,,,,,,,
9-Jul-19,57.57,,,,,,,,,,,,,,,,
10-Jul-19,60.28,,,,,,,,,,,,,,,,
11-Jul-19,59.93,,,,,,,,,,,,,,,,
12-Jul-19,59.99,,,,,,,,,,,,,,,,
15-Jul-19,59.3,,,,,,,,,,,,,,,,
16-Jul-19,57.44,,,,,,,,,,,,,,,,
17-Jul-19,56.5,,,,,,,,,,,,,,,,
18-Jul-19,55.08,,,,,,,,,,,,,,,,
19-Jul-19,55.42,,,,,,,,,,,,,,,,
22-Jul-19,55.87,,,,,,,,,,,,,,,,
23-Jul-19,56.58,,,,,,,,,,,,,,,,
24-Jul-19,55.9,,,,,,,,,,,,,,,,
25-Jul-19,55.88,,,,,,,,,,,,,,,,
26-Jul-19,56.04,,,,,,,,,,,,,,,,
29-Jul-19,56.85,,,,,,,,,,,,,,,,
30-Jul-19,58.04,,,,,,,,,,,,,,,,
31-Jul-19,58.53,,,,,,,,,,,,,,,,
1-Aug-19,53.64,,,,,,,,,,,,,,,,
2-Aug-19,55.67,,,,,,,,,,,,,,,,
5-Aug-19,54.63,,,,,,,,,,,,,,,,
6-Aug-19,53.6,,,,,,,,,,,,,,,,
7-Aug-19,51.14,,,,,,,,,,,,,,,,
8-Aug-19,52.6,,,,,,,,,,,,,,,,
9-Aug-19,54.41,,,,,,,,,,,,,,,,
12-Aug-19,54.98,,,,,,,,,,,,,,,,
13-Aug-19,57.05,,,,,,,,,,,,,,,,
14-Aug-19,55.16,,,,,,,,,,,,,,,,
15-Aug-19,54.51,,,,,,,,,,,,,,,,
16-Aug-19,54.83,,,,,,,,,,,,,,,,
19-Aug-19,56.24,,,,,,,,,,,,,,,,
20-Aug-19,52.08481685,,,,,,,,,,,,,,,,
21-Aug-19,52.12222275,,,,,,,,,,,,,,,,
22-Aug-19,51.3142552,,,,,,,,,,,,,,,,
23-Aug-19,51.20203748,,,,,,,,,,,,,,,,
24-Aug-19,50.87286551,,,,,,,,,,,,,,,,
25-Aug-19,51.46387882,,,,,,,,,,,,,,,,
26-Aug-19,50.37910756,,,,,,,,,,,,,,,,
27-Aug-19,50.55865591,,,,,,,,,,,,,,,,
28-Aug-19,51.56861535,,,,,,,,,,,,,,,,
29-Aug-19,51.84541905,,,,,,,,,,,,,,,,
30-Aug-19,51.32921756,,,,,,,,,,,,,,,,
31-Aug-19,51.94267441,,,,,,,,,,,,,,,,
1-Sep-19,52.26436519,,,,,,,,,,,,,,,,
2-Sep-19,52.27184637,,,,,,,,,,,,,,,,
3-Sep-19,52.40650763,,,,,,,,,,,,,,,,
4-Sep-19,51.83793787,,,,,,,,,,,,,,,,
5-Sep-19,52.09229803,,,,,,,,,,,,,,,,
6-Sep-19,52.3017711,,,,,,,,,,,,,,,,
7-Sep-19,52.60849952,,,,,,,,,,,,,,,,
8-Sep-19,52.34665819,,,,,,,,,,,,,,,,
9-Sep-19,52.67583015,,,,,,,,,,,,,,,,
10-Sep-19,53.8054885,,,,,,,,,,,,,,,,
11-Sep-19,53.94763094,,,,,,,,,,,,,,,,
12-Sep-19,54.13466046,,,,,,,,,,,,,,,,
13-Sep-19,54.10473574,,,,,,,,,,,,,,,,
14-Sep-19,54.2768029,,,,,,,,,,,,,,,,
15-Sep-19,55.08477046,,,,,,,,,,,,,,,,
16-Sep-19,56.36405243,,,,,,,,,,,,,,,,
17-Sep-19,56.25183471,,,,,,,,,,,,,,,,
18-Sep-19,55.97503101,,,,,,,,,,,,,,,,
19-Sep-19,56.22939117,,,,,,,,,,,,,,,,
20-Sep-19,55.92266274,,,,,,,,,,,,,,,,
21-Sep-19,55.9376251,,,,,,,,,,,,,,,,
22-Sep-19,55.11469519,,,,,,,,,,,,,,,,
23-Sep-19,54.82292912,,,,,,,,,,,,,,,,
24-Sep-19,54.71819259,,,,,,,,,,,,,,,,
25-Sep-19,55.51867896,,,,,,,,,,,,,,,,
26-Sep-19,55.51867896,,,,,,,,,,,,,,,,
27-Sep-19,55.98999337,,,,,,,,,,,,,,,,
28-Sep-19,56.7680362,,,,,,,,,,,,,,,,
29-Sep-19,57.5610414,,,,,,,,,,,,,,,,
30-Sep-19,56.93262219,,,,,,,,,,,,,,,,
1-Oct-19,56.82788565,,,,,,,,,,,,,,,,
2-Oct-19,56.2967218,,,,,,,,,,,,,,,,
3-Oct-19,56.40893951,,,,,,,,,,,,,,,,
4-Oct-19,57.11965172,,,,,,,,,,,,,,,,
5-Oct-19,56.46878896,,,,,,,,,,,,,,,,
6-Oct-19,56.60345022,,,,,,,,,,,,,,,,
7-Oct-19,55.20446936,,,,,,,,,,,,,,,,
8-Oct-19,55.73563322,,,,,,,,,,,,,,,,
9-Oct-19,56.22190999,,,,,,,,,,,,,,,,
10-Oct-19,56.73811148,,,,,,,,,,,,,,,,
11-Oct-19,56.19946644,,,,,,,,,,,,,,,,
12-Oct-19,55.80296384,,,,,,,,,,,,,,,,
13-Oct-19,56.10969227,,,,,,,,,,,,,,,,
14-Oct-19,56.32664652,,,,,,,,,,,,,,,,
15-Oct-19,56.23687235,,,,,,,,,,,,,,,,
16-Oct-19,56.47627014,,,,,,,,,,,,,,,,
17-Oct-19,56.92514101,,,,,,,,,,,,,,,,
18-Oct-19,57.11217053,,,,,,,,,,,,,,,,
19-Oct-19,57.0448399,,,,,,,,,,,,,,,,
20-Oct-19,58.01739345,,,,,,,,,,,,,,,,
21-Oct-19,58.10716762,,,,,,,,,,,,,,,,
22-Oct-19,58.2343477,,,,,,,,,,,,,,,,
23-Oct-19,58.69818092,,,,,,,,,,,,,,,,
24-Oct-19,58.63085029,,,,,,,,,,,,,,,,
25-Oct-19,59.55851675,,,,,,,,,,,,,,,,
26-Oct-19,59.83532045,,,,,,,,,,,,,,,,
27-Oct-19,59.46874257,,,,,,,,,,,,,,,,
28-Oct-19,59.64829092,,,,,,,,,,,,,,,,
29-Oct-19,60.53855147,,,,,,,,,,,,,,,,
30-Oct-19,61.04727178,,,,,,,,,,,,,,,,
31-Oct-19,61.20437659,,,,,,,,,,,,,,,,
1-Nov-19,61.51110501,,,,,,,,,,,,,,,,
2-Nov-19,61.21185777,,,,,,,,,,,,,,,,
3-Nov-19,61.28666958,,,,,,,,,,,,,,,,
4-Nov-19,61.3165943,,,,,,,,,,,,,,,,
5-Nov-19,60.8826858,,,,,,,,,,,,,,,,
6-Nov-19,61.09215887,,,,,,,,,,,,,,,,
7-Nov-19,61.68317217,,,,,,,,,,,,,,,,
8-Nov-19,62.61083863,,,,,,,,,,,,,,,,
9-Nov-19,62.55847036,,,,,,,,,,,,,,,,
10-Nov-19,63.04474713,,,,,,,,,,,,,,,,
11-Nov-19,62.62580099,,,,,,,,,,,,,,,,
12-Nov-19,61.82531462,,,,,,,,,,,,,,,,
13-Nov-19,61.95997587,,,,,,,,,,,,,,,,
14-Nov-19,62.78290579,,,,,,,,,,,,,,,,
15-Nov-19,62.46869619,,,,,,,,,,,,,,,,
16-Nov-19,61.48118029,,,,,,,,,,,,,,,,
17-Nov-19,60.95749761,,,,,,,,,,,,,,,,
18-Nov-19,59.78295218,,,,,,,,,,,,,,,,
19-Nov-19,59.32660013,,,,,,,,,,,,,,,,
20-Nov-19,57.75555211,,,,,,,,,,,,,,,,
21-Nov-19,57.91265691,,,,,,,,,,,,,,,,
22-Nov-19,57.85280746,,,,,,,,,,,,,,,,
23-Nov-19,58.87772927,,,,,,,,,,,,,,,,
24-Nov-19,59.46126139,,,,,,,,,,,,,,,,
25-Nov-19,59.76798982,,,,,,,,,,,,,,,,
26-Nov-19,59.78295218,,,,,,,,,,,,,,,,
27-Nov-19,59.64829092,,,,,,,,,,,,,,,,
28-Nov-19,60.38892785,,,,,,,,,,,,,,,,
29-Nov-19,60.98742233,,,,,,,,,,,,,,,,
30-Nov-19,61.20437659,,,,,,,,,,,,,,,,
1-Dec-19,60.55351383,,,,,,,,,,,,,,,,
2-Dec-19,59.42385549,,,,,,,,,,,,,,,,
3-Dec-19,59.08720234,,,,,,,,,,,,,,,,
4-Dec-19,59.24430714,,,,,,,,,,,,,,,,
5-Dec-19,60.21686068,,,,,,,,,,,,,,,,
6-Dec-19,60.25426659,,,,,,,,,,,,,,,,
7-Dec-19,59.16949533,,,,,,,,,,,,,,,,
8-Dec-19,58.45130195,,,,,,,,,,,,,,,,
9-Dec-19,59.86524517,,,,,,,,,,,,,,,,
10-Dec-19,59.36400604,,,,,,,,,,,,,,,,
11-Dec-19,58.87024809,,,,,,,,,,,,,,,,
12-Dec-19,59.01987171,,,,,,,,,,,,,,,,
13-Dec-19,59.2218636,,,,,,,,,,,,,,,,
14-Dec-19,60.06723706,,,,,,,,,,,,,,,,
15-Dec-19,59.85776399,,,,,,,,,,,,,,,,
16-Dec-19,60.87520462,,,,,,,,,,,,,,,,
17-Dec-19,62.16944895,,,,,,,,,,,,,,,,
18-Dec-19,61.53354855,,,,,,,,,,,,,,,,
19-Dec-19,62.69313162,,,,,,,,,,,,,,,,
20-Dec-19,62.46121501,,,,,,,,,,,,,,,,
21-Dec-19,62.25174194,,,,,,,,,,,,,,,,
22-Dec-19,61.57095446,,,,,,,,,,,,,,,,
23-Dec-19,61.99738178,,,,,,,,,,,,,,,,
24-Dec-19,60.63580682,,,,,,,,,,,,,,,,
25-Dec-19,60.90512934,,,,,,,,,,,,,,,,
26-Dec-19,60.86024226,,,,,,,,,,,,,,,,
27-Dec-19,60.99490352,,,,,,,,,,,,,,,,
28-Dec-19,59.87272635,,,,,,,,,,,,,,,,
29-Dec-19,60.89764816,,,,,,,,,,,,,,,,
30-Dec-19,62.45373383,,,,,,,,,,,,,,,,
31-Dec-19,63.44873091,,,,,,,,,,,,,,,,
1-Jan-20,63.64324162,,,,,,,,,,,,,,,,
2-Jan-20,63.85271469,,,,,,,,,,,,,,,,
3-Jan-20,63.01482241,,,,,,,,,,,,,,,,
4-Jan-20,63.2168143,,,,,,,,,,,,,,,,
5-Jan-20,64.66816343,,,,,,,,,,,,,,,,
6-Jan-20,64.56342689,,,,,,,,,,,,,,,,
7-Jan-20,64.53350217,,,,,,,,,,,,,,,,
8-Jan-20,64.0472254,,,,,,,,,,,,,,,,
9-Jan-20,64.0846313,,,,,,,,,,,,,,,,
10-Jan-20,64.33899146,,,,,,,,,,,,,,,,
11-Jan-20,64.47365272,,,,,,,,,,,,,,,,
12-Jan-20,64.42128445,,,,,,,,,,,,,,,,
13-Jan-20,64.7579376,,,,,,,,,,,,,,,,
14-Jan-20,63.80034642,,,,,,,,,,,,,,,,
15-Jan-20,64.27166083,,,,,,,,,,,,,,,,
16-Jan-20,64.67564461,,,,,,,,,,,,,,,,
17-Jan-20,65.61827342,,,,,,,,,,,,,,,,
18-Jan-20,66.38883508,,,,,,,,,,,,,,,,
19-Jan-20,64.95992949,,,,,,,,,,,,,,,,
20-Jan-20,66.70304468,,,,,,,,,,,,,,,,
21-Jan-20,66.8526683,,,,,,,,,,,,,,,,
22-Jan-20,66.35142917,,,,,,,,,,,,,,,,
23-Jan-20,66.59082696,,,,,,,,,,,,,,,,
24-Jan-20,66.83770594,,,,,,,,,,,,,,,,
25-Jan-20,66.90503657,,,,,,,,,,,,,,,,
26-Jan-20,66.93496129,,,,,,,,,,,,,,,,
27-Jan-20,66.75541295,,,,,,,,,,,,,,,,
28-Jan-20,67.5259746,,,,,,,,,,,,,,,,
29-Jan-20,67.39879452,,,,,,,,,,,,,,,,
30-Jan-20,67.21924618,,,,,,,,,,,,,,,,
31-Jan-20,66.41127862,,,,,,,,,,,,,,,,
1-Feb-20,64.27914201,,,,,,,,,,,,,,,,
2-Feb-20,63.44124973,,,,,,,,,,,,,,,,
3-Feb-20,64.5185398,,,,,,,,,,,,,,,,
4-Feb-20,63.57591099,,,,,,,,,,,,,,,,
5-Feb-20,62.7006128,,,,,,,,,,,,,,,,
6-Feb-20,61.91508879,,,,,,,,,,,,,,,,
7-Feb-20,62.47617737,,,,,,,,,,,,,,,,
8-Feb-20,61.90760761,,,,,,,,,,,,,,,,
9-Feb-20,62.81283052,,,,,,,,,,,,,,,,
10-Feb-20,62.67068808,,,,,,,,,,,,,,,,
11-Feb-20,62.91756705,,,,,,,,,,,,,,,,
12-Feb-20,63.12704012,,,,,,,,,,,,,,,,
13-Feb-20,63.31406965,,,,,,,,,,,,,,,,
14-Feb-20,63.52354272,,,,,,,,,,,,,,,,
15-Feb-20,62.10211832,,,,,,,,,,,,,,,,
16-Feb-20,62.77542461,,,,,,,,,,,,,,,,
17-Feb-20,62.16196776,,,,,,,,,,,,,,,,
18-Feb-20,62.78290579,,,,,,,,,,,,,,,,
19-Feb-20,62.60335745,,,,,,,,,,,,,,,,
20-Feb-20,65.10207193,,,,,,,,,,,,,,,,
21-Feb-20,65.76789705,,,,,,,,,,,,,,,,
22-Feb-20,69.74788538,,,,,,,,,,,,,,,,
23-Feb-20,71.37878286,,,,,,,,,,,,,,,,
24-Feb-20,68.41623515,,,,,,,,,,,,,,,,
25-Feb-20,68.92495546,,,,,,,,,,,,,,,,
26-Feb-20,68.74540712,,,,,,,,,,,,,,,,
27-Feb-20,68.96984255,,,,,,,,,,,,,,,,
28-Feb-20,68.1169879,,,,,,,,,,,,,,,,
29-Feb-20,68.66311412,,,,,,,,,,,,,,,,
1-Mar-20,68.77533184,,,,,,,,,,,,,,,,
2-Mar-20,68.9099931,,,,,,,,,,,,,,,,
3-Mar-20,66.18684319,,,,,,,,,,,,,,,,
4-Mar-20,66.04470075,,,,,,,,,,,,,,,,
5-Mar-20,66.60578933,,,,,,,,,,,,,,,,
6-Mar-20,64.50357744,,,,,,,,,,,,,,,,
7-Mar-20,64.361435,,,,,,,,,,,,,,,,
8-Mar-20,64.92252358,,,,,,,,,,,,,,,,
9-Mar-20,65.40131917,,,,,,,,,,,,,,,,
10-Mar-20,66.06714429,,,,,,,,,,,,,,,,
11-Mar-20,64.26417965,,,,,,,,,,,,,,,,
12-Mar-20,66.41127862,,,,,,,,,,,,,,,,
13-Mar-20,66.68060114,,,,,,,,,,,,,,,,
14-Mar-20,67.02473547,,,,,,,,,,,,,,,,
15-Mar-20,64.83274941,,,,,,,,,,,,,,,,
16-Mar-20,66.72548822,,,,,,,,,,,,,,,,
17-Mar-20,65.7454535,,,,,,,,,,,,,,,,
18-Mar-20,64.93748595,,,,,,,,,,,,,,,,
19-Mar-20,65.04970366,,,,,,,,,,,,,,,,
20-Mar-20,64.70556933,,,,,,,,,,,,,,,,
21-Mar-20,65.09459075,,,,,,,,,,,,,,,,
22-Mar-20,65.21428965,,,,,,,,,,,,,,,,
23-Mar-20,63.5310239,,,,,,,,,,,,,,,,
24-Mar-20,63.44873091,,,,,,,,,,,,,,,,
25-Mar-20,64.0472254,,,,,,,,,,,,,,,,
26-Mar-20,63.77790288,,,,,,,,,,,,,,,,
27-Mar-20,63.62079808,,,,,,,,,,,,,,,,
28-Mar-20,62.1470054,,,,,,,,,,,,,,,,
29-Mar-20,62.4238091,,,,,,,,,,,,,,,,
30-Mar-20,62.79038697,,,,,,,,,,,,,,,,
31-Mar-20,63.2168143,,,,,,,,,,,,,,,,
1-Apr-20,63.83027115,,,,,,,,,,,,,,,,
2-Apr-20,64.22677374,,,,,,,,,,,,,,,,
3-Apr-20,65.18436492,,,,,,,,,,,,,,,,
4-Apr-20,65.61827342,,,,,,,,,,,,,,,,
5-Apr-20,65.81278413,,,,,,,,,,,,,,,,
6-Apr-20,64.74297524,,,,,,,,,,,,,,,,
7-Apr-20,65.59582988,,,,,,,,,,,,,,,,
8-Apr-20,66.0222572,,,,,,,,,,,,,,,,
9-Apr-20,65.71552878,,,,,,,,,,,,,,,,
10-Apr-20,65.70056642,,,,,,,,,,,,,,,,
11-Apr-20,64.85519295,,,,,,,,,,,,,,,,
12-Apr-20,64.19684902,,,,,,,,,,,,,,,,
13-Apr-20,64.13699957,,,,,,,,,,,,,,,,
14-Apr-20,64.00233831,,,,,,,,,,,,,,,,
15-Apr-20,65.30406382,,,,,,,,,,,,,,,,
16-Apr-20,66.11203138,,,,,,,,,,,,,,,,
17-Apr-20,64.78786232,,,,,,,,,,,,,,,,
18-Apr-20,65.0721472,,,,,,,,,,,,,,,,
19-Apr-20,64.98237303,,,,,,,,,,,,,,,,
20-Apr-20,65.73797232,,,,,,,,,,,,,,,,
21-Apr-20,66.64319523,,,,,,,,,,,,,,,,
22-Apr-20,66.41127862,,,,,,,,,,,,,,,,
23-Apr-20,66.43372216,,,,,,,,,,,,,,,,
24-Apr-20,68.25164916,,,,,,,,,,,,,,,,
25-Apr-20,68.37882924,,,,,,,,,,,,,,,,
26-Apr-20,67.49604988,,,,,,,,,,,,,,,,
27-Apr-20,67.46612515,,,,,,,,,,,,,,,,
28-Apr-20,68.1992809,,,,,,,,,,,,,,,,
29-Apr-20,69.85262192,,,,,,,,,,,,,,,,
30-Apr-20,69.69551711,,,,,,,,,,,,,,,,
1-May-20,70.62318357,,,,,,,,,,,,,,,,
2-May-20,69.15687208,,,,,,,,,,,,,,,,
3-May-20,69.02221082,,,,,,,,,,,,,,,,
4-May-20,69.029692,,,,,,,,,,,,,,,,
5-May-20,69.53841231,,,,,,,,,,,,,,,,
6-May-20,68.21424326,,,,,,,,,,,,,,,,
7-May-20,66.56090224,,,,,,,,,,,,,,,,
8-May-20,66.89007421,,,,,,,,,,,,,,,,
9-May-20,67.21176499,,,,,,,,,,,,,,,,
10-May-20,67.27909562,,,,,,,,,,,,,,,,
11-May-20,65.55842398,,,,,,,,,,,,,,,,
12-May-20,64.81030587,,,,,,,,,,,,,,,,
13-May-20,65.20680846,,,,,,,,,,,,,,,,
14-May-20,65.27413909,,,,,,,,,,,,,,,,
15-May-20,63.20933312,,,,,,,,,,,,,,,,
16-May-20,63.26170138,,,,,,,,,,,,,,,,
17-May-20,63.77790288,,,,,,,,,,,,,,,,
18-May-20,64.02478185,,,,,,,,,,,,,,,,
19-May-20,63.59087335,,,,,,,,,,,,,,,,
20-May-20,62.9774165,,,,,,,,,,,,,,,,
21-May-20,62.32655375,,,,,,,,,,,,,,,,
22-May-20,61.09964005,,,,,,,,,,,,,,,,
23-May-20,60.68817509,,,,,,,,,,,,,,,,
24-May-20,60.68817509,,,,,,,,,,,,,,,,
25-May-20,59.96998171,,,,,,,,,,,,,,,,
26-May-20,59.6183662,,,,,,,,,,,,,,,,
27-May-20,58.88521045,,,,,,,,,,,,,,,,
28-May-20,58.49618903,,,,,,,,,,,,,,,,
29-May-20,58.24182888,,,,,,,,,,,,,,,,
30-May-20,55.08477046,,,,,,,,,,,,,,,,
31-May-20,55.48127306,,,,,,,,,,,,,,,,
1-Jun-20,55.69822731,,,,,,,,,,,,,,,,
2-Jun-20,55.72815203,,,,,,,,,,,,,,,,
3-Jun-20,56.22939117,,,,,,,,,,,,,,,,
4-Jun-20,53.4089859,,,,,,,,,,,,,,,,
5-Jun-20,54.17206637,,,,,,,,,,,,,,,,
6-Jun-20,51.96511795,,,,,,,,,,,,,,,,
7-Jun-20,51.85290023,,,,,,,,,,,,,,,,
8-Jun-20,50.9177526,,,,,,,,,,,,,,,,
9-Jun-20,51.96511795,,,,,,,,,,,,,,,,
10-Jun-20,51.45639764,,,,,,,,,,,,,,,,
11-Jun-20,53.10225747,,,,,,,,,,,,,,,,
12-Jun-20,53.27432464,,,,,,,,,,,,,,,,
13-Jun-20,52.84789732,,,,,,,,,,,,,,,,
14-Jun-20,52.0249674,,,,,,,,,,,,,,,,
15-Jun-20,52.93767149,,,,,,,,,,,,,,,,
16-Jun-20,51.67335189,,,,,,,,,,,,,,,,
17-Jun-20,52.10726039,,,,,,,,,,,,,,,,
18-Jun-20,51.65090834,,,,,,,,,,,,,,,,
19-Jun-20,52.88530322,,,,,,,,,,,,,,,,
20-Jun-20,51.81549433,,,,,,,,,,,,,,,,
21-Jun-20,50.72324189,,,,,,,,,,,,,,,,
22-Jun-20,47.97016725,,,,,,,,,,,,,,,,
23-Jun-20,49.34670457,,,,,,,,,,,,,,,,
24-Jun-20,47.61107056,,,,,,,,,,,,,,,,
25-Jun-20,47.41655985,,,,,,,,,,,,,,,,
26-Jun-20,47.9103178,,,,,,,,,,,,,,,,
27-Jun-20,46.74325356,,,,,,,,,,,,,,,,
28-Jun-20,47.24449269,,,,,,,,,,,,,,,,
29-Jun-20,48.11230969,,,,,,,,,,,,,,,,
30-Jun-20,48.56866174,,,,,,,,,,,,,,,,
1-Jul-20,49.19708095,,,,,,,,,,,,,,,,
2-Jul-20,49.57862119,,,,,,,,,,,,,,,,
3-Jul-20,50.55865591,,,,,,,,,,,,,,,,
4-Jul-20,52.51124417,,,,,,,,,,,,,,,,
5-Jul-20,52.68331133,,,,,,,,,,,,,,,,
6-Jul-20,51.95015559,,,,,,,,,,,,,,,,
7-Jul-20,51.10478213,,,,,,,,,,,,,,,,
8-Jul-20,52.21947811,,,,,,,,,,,,,,,,
9-Jul-20,52.42895118,,,,,,,,,,,,,,,,
10-Jul-20,52.24192165,,,,,,,,,,,,,,,,
11-Jul-20,53.5660907,,,,,,,,,,,,,,,,
12-Jul-20,52.81049141,,,,,,,,,,,,,,,,
13-Jul-20,52.6982737,,,,,,,,,,,,,,,,
14-Jul-20,53.07233275,,,,,,,,,,,,,,,,
15-Jul-20,53.51372243,,,,,,,,,,,,,,,,
16-Jul-20,52.21199693,,,,,,,,,,,,,,,,
17-Jul-20,53.1695881,,,,,,,,,,,,,,,,
18-Jul-20,53.9999992,,,,,,,,,,,,,,,,
19-Jul-20,53.74563905,,,,,,,,,,,,,,,,
20-Jul-20,54.8304103,,,,,,,,,,,,,,,,
21-Jul-20,54.29176527,,,,,,,,,,,,,,,,
22-Jul-20,53.63342133,,,,,,,,,,,,,,,,
23-Jul-20,53.82045086,,,,,,,,,,,,,,,,
24-Jul-20,52.87782204,,,,,,,,,,,,,,,,
25-Jul-20,52.93019031,,,,,,,,,,,,,,,,
26-Jul-20,52.69079251,,,,,,,,,,,,,,,,
27-Jul-20,53.22195637,,,,,,,,,,,,,,,,
28-Jul-20,53.74563905,,,,,,,,,,,,,,,,
29-Jul-20,54.16458519,,,,,,,,,,,,,,,,
30-Jul-20,55.04736456,,,,,,,,,,,,,,,,
31-Jul-20,55.45134833,,,,,,,,,,,,,,,,
1-Aug-20,56.03488046,,,,,,,,,,,,,,,,
2-Aug-20,56.07228636,,,,,,,,,,,,,,,,
3-Aug-20,56.11717345,,,,,,,,,,,,,,,,
4-Aug-20,54.85285385,,,,,,,,,,,,,,,,
5-Aug-20,54.9127033,,,,,,,,,,,,,,,,
6-Aug-20,56.04984282,,,,,,,,,,,,,,,,
7-Aug-20,56.26679707,,,,,,,,,,,,,,,,
8-Aug-20,55.18202582,,,,,,,,,,,,,,,,
9-Aug-20,55.81044503,,,,,,,,,,,,,,,,
10-Aug-20,55.77303912,,,,,,,,,,,,,,,,
11-Aug-20,55.52616014,,,,,,,,,,,,,,,,
12-Aug-20,55.81044503,,,,,,,,,,,,,,,,
13-Aug-20,55.189507,,,,,,,,,,,,,,,,
14-Aug-20,55.95258747,,,,,,,,,,,,,,,,
15-Aug-20,56.02739928,,,,,,,,,,,,,,,,
16-Aug-20,57.05980227,,,,,,,,,,,,,,,,
17-Aug-20,57.29920006,,,,,,,,,,,,,,,,
18-Aug-20,57.23935061,,,,,,,,,,,,,,,,
19-Aug-20,57.67325912,,,,,,,,,,,,,,,,
20-Aug-20,57.69570266,,,,,,,,,,,,,,,,
21-Aug-20,58.44382077,,,,,,,,,,,,,,,,
22-Aug-20,58.33908423,,,,,,,,,,,,,,,,
23-Aug-20,57.50867313,,,,,,,,,,,,,,,,
24-Aug-20,57.38897423,,,,,,,,,,,,,,,,
25-Aug-20,58.25679124,,,,,,,,,,,,,,,,
26-Aug-20,57.89769455,,,,,,,,,,,,,,,,
27-Aug-20,57.82288274,,,,,,,,,,,,,,,,
28-Aug-20,58.49618903,,,,,,,,,,,,,,,,
29-Aug-20,59.54355439,,,,,,,,,,,,,,,,
30-Aug-20,60.24678541,,,,,,,,,,,,,,,,
31-Aug-20,60.19441714,,,,,,,,,,,,,,,,
1-Sep-20,59.94005698,,,,,,,,,,,,,,,,
2-Sep-20,60.67321273,,,,,,,,,,,,,,,,
3-Sep-20,61.62332273,,,,,,,,,,,,,,,,
4-Sep-20,61.38392493,,,,,,,,,,,,,,,,
5-Sep-20,61.81035225,,,,,,,,,,,,,,,,
6-Sep-20,61.05475296,,,,,,,,,,,,,,,,
7-Sep-20,61.24178249,,,,,,,,,,,,,,,,
8-Sep-20,60.9200917,,,,,,,,,,,,,,,,
9-Sep-20,61.35400021,,,,,,,,,,,,,,,,
10-Sep-20,61.15200832,,,,,,,,,,,,,,,,
11-Sep-20,61.36148139,,,,,,,,,,,,,,,,
12-Sep-20,62.58839509,,,,,,,,,,,,,,,,
13-Sep-20,63.02230359,,,,,,,,,,,,,,,,
14-Sep-20,62.81283052,,,,,,,,,,,,,,,,
15-Sep-20,62.2667043,,,,,,,,,,,,,,,,
16-Sep-20,60.81535517,,,,,,,,,,,,,,,,
17-Sep-20,60.89016698,,,,,,,,,,,,,,,,
18-Sep-20,61.21933895,,,,,,,,,,,,,,,,
19-Sep-20,61.00986588,,,,,,,,,,,,,,,,
20-Sep-20,59.66325328,,,,,,,,,,,,,,,,
21-Sep-20,59.83532045,,,,,,,,,,,,,,,,
22-Sep-20,60.07471824,,,,,,,,,,,,,,,,
23-Sep-20,59.40889313,,,,,,,,,,,,,,,,
24-Sep-20,59.94753816,,,,,,,,,,,,,,,,
25-Sep-20,59.5360732,,,,,,,,,,,,,,,,
26-Sep-20,59.58844147,,,,,,,,,,,,,,,,
27-Sep-20,59.07972116,,,,,,,,,,,,,,,,
28-Sep-20,59.71562155,,,,,,,,,,,,,,,,
29-Sep-20,59.87272635,,,,,,,,,,,,,,,,
30-Sep-20,60.54603265,,,,,,,,,,,,,,,,
1-Oct-20,60.42633375,,,,,,,,,,,,,,,,
2-Oct-20,60.68817509,,,,,,,,,,,,,,,,
3-Oct-20,60.61336328,,,,,,,,,,,,,,,,
4-Oct-20,59.41637431,,,,,,,,,,,,,,,,
5-Oct-20,56.59596904,,,,,,,,,,,,,,,,
6-Oct-20,57.15705762,,,,,,,,,,,,,,,,
7-Oct-20,57.53859786,,,,,,,,,,,,,,,,
8-Oct-20,57.48622959,,,,,,,,,,,,,,,,
9-Oct-20,55.71318967,,,,,,,,,,,,,,,,
10-Oct-20,53.48379771,,,,,,,,,,,,,,,,
11-Oct-20,53.30424936,,,,,,,,,,,,,,,,
12-Oct-20,53.49127889,,,,,,,,,,,,,,,,
13-Oct-20,52.04741094,,,,,,,,,,,,,,,,
14-Oct-20,52.81049141,,,,,,,,,,,,,,,,
15-Oct-20,53.82793204,,,,,,,,,,,,,,,,
16-Oct-20,53.36409881,,,,,,,,,,,,,,,,
17-Oct-20,53.34165527,,,,,,,,,,,,,,,,
18-Oct-20,51.71823897,,,,,,,,,,,,,,,,
19-Oct-20,52.65338661,,,,,,,,,,,,,,,,
20-Oct-20,52.72071724,,,,,,,,,,,,,,,,
21-Oct-20,52.32421464,,,,,,,,,,,,,,,,
22-Oct-20,53.76060141,,,,,,,,,,,,,,,,
23-Oct-20,53.67082724,,,,,,,,,,,,,,,,
24-Oct-20,56.0199181,,,,,,,,,,,,,,,,
25-Oct-20,56.37153361,,,,,,,,,,,,,,,,
26-Oct-20,56.65581849,,,,,,,,,,,,,,,,
27-Oct-20,56.58100668,,,,,,,,,,,,,,,,
28-Oct-20,57.73310856,,,,,,,,,,,,,,,,
29-Oct-20,57.74058974,,,,,,,,,,,,,,,,
30-Oct-20,57.007434,,,,,,,,,,,,,,,,
31-Oct-20,57.53859786,,,,,,,,,,,,,,,,
1-Nov-20,55.36157416,,,,,,,,,,,,,,,,
2-Nov-20,56.15457936,,,,,,,,,,,,,,,,
3-Nov-20,56.37153361,,,,,,,,,,,,,,,,
4-Nov-20,56.53611959,,,,,,,,,,,,,,,,
5-Nov-20,58.56351966,,,,,,,,,,,,,,,,
6-Nov-20,58.30167833,,,,,,,,,,,,,,,,
7-Nov-20,58.34656541,,,,,,,,,,,,,,,,
8-Nov-20,57.83036392,,,,,,,,,,,,,,,,
9-Nov-20,56.43886424,,,,,,,,,,,,,,,,
10-Nov-20,55.73563322,,,,,,,,,,,,,,,,
11-Nov-20,54.6733055,,,,,,,,,,,,,,,,
12-Nov-20,54.92766566,,,,,,,,,,,,,,,,
13-Nov-20,55.26431881,,,,,,,,,,,,,,,,
14-Nov-20,55.79548266,,,,,,,,,,,,,,,,2020 Average:
15-Nov-20,55.28676235,,,,,,,,,,,,,,,,59.77717529
16-Nov-20,55.27179999,,,,,,,,,,,,,,,,
17-Nov-20,55.39149889,,,,,,,,,,,,,,,,
18-Nov-20,55.99747455,,,,,,,,,,,,,,,,
19-Nov-20,56.8877351,,,,,,,,,,,,,,,,
20-Nov-20,57.25431297,,,,,,,,,,,,,,,,
21-Nov-20,53.59601543,,,,,,,,,,,,,,,,
22-Nov-20,55.11469519,,,,,,,,,,,,,,,,
23-Nov-20,54.33665235,,,,,,,,,,,,,,,,
24-Nov-20,53.5660907,,,,,,,,,,,,,,,,
25-Nov-20,51.72572016,,,,,,,,,,,,,,,,
26-Nov-20,52.81797259,,,,,,,,,,,,,,,,
27-Nov-20,54.17206637,,,,,,,,,,,,,,,,
28-Nov-20,54.59849369,,,,,,,,,,,,,,,,
29-Nov-20,56.14709817,,,,,,,,,,,,,,,,
30-Nov-20,54.73315495,,,,,,,,,,,,,,,,
1-Dec-20,54.24687818,,,,,,,,,,,,,,,,
2-Dec-20,54.48627597,,,,,,,,,,,,,,,,
3-Dec-20,55.54112251,,,,,,,,,,,,,,,,